start,end,length,column,desc
1,1,1,id,Identifier code for RETURN-A master file.
2,3,2,state_code,Numeric state code
4,10,7,ori_code,Originating Agency Identifier
11,12,2,group,Group o is possessions; 1-7 are cities; 8-9 are counties. Sub-Group (position 12) is blank when not used. All populations are inclusive.
13,13,1,division,Geographic division in which the state is located
14,15,2,year,Last two digits of the year the data reflects
16,20,5,sequence_number,"A five-digit number which places all cities in alphabetic order, regardless of state. This field is blank for groups 0, 8, and 9."
21,22,2,juvenile_age,The juvenile age limit in the state in which the agency is located
23,23,1,core_city,Whether the city is the core city of the MSA
24,30,7,covered_by,"The ORI of the agency that submits crime data for the agency represented by the header. For example, a county will often submit a return which includes the crime data for a city within that county. This field is blank if the agency is not a ""covered-by."""
31,31,1,covered_by_group,"This is the group of the ""Covered By"" ORI above."
32,37,6,last_update,The date the heading or mailing list information was last updated (MMDDYY)
38,41,4,field_office,The four-digit numeric code for the fbi field office whose territory covers the agency
42,43,2,number_months_reported,"The highest ""valued"" month that was reported for the year by the submitting agency. For example, if October was the last month submitted or is the only month submitted, ""10"" would be the value. This value also can be used to stop processing once October ( ""10"" ) has been processed."
44,44,1,agency_count,"Used to accumulate ""agencies used"" totals in various tabulations."
45,53,9,pop1_population,Population group 1: The population of the city in the county
54,56,3,pop1_county,Population group 1: The county in which the city is located
57,59,3,pop1_msa,"Population group 1: If present, the code of the MSA in which it is located"
60,68,9,pop2_population,Population group 2: The population of the city in the county
69,71,3,pop2_county,Population group 2: The county in which the city is located
72,74,3,pop2_msa,"Population group 2: If present, the code of the MSA in which it is located"
75,83,9,pop3_population,Population group 3: The population of the city in the county
84,86,3,pop3_county,Population group 3: The county in which the city is located
87,89,3,pop3_msa,"Population group 3: If present, the code of the MSA in which it is located"
90,98,9,pop1_last_census,Population group 1: the population from the previous census
99,107,9,pop2_last_census,Population group 2: the population from the previous census
108,116,9,pop3_last_census,Population group 3: the population from the previous census
117,117,1,population_source,"No documentation exists that reflects the year to year code changes. This was the source for the current population. This can be from certain commercial publications, from a special census or extra population based on the data from prior years or from the census. If unused, it should be blank. The code values are 1-9, but meanings of the codes are not available. "
118,118,1,follow_up_indication,"Periodically all agencies submitting RETURN-A's are checked to see if they have submitted a return for the preceding months. If not they are sent a ""Follow-Up"" return. This indication is used to show if this particular agency should be sent a ""Follow-Up."" "
119,119,1,special_mailing_group,"When addressing RETURNA's, the tape is sorted by Zip Code so that the fo= can be mailed by geographic area. Special Mailing Group agencies are excluded from this arrangement and are handled separately. "
120,120,1,special_mailing_mailing_address,"This indication is used when the first line of the mailing address is other than ""Chief of Police"" or ""Sheriff,"" "
121,144,24,agency_name,
145,150,6,agency_state_name,
151,180,30,mailing_addr_line1,
181,210,30,mailing_addr_line2,
211,240,30,mailing_addr_line3,
241,270,30,mailing_addr_line4,
271,275,5,zip_code,
276,276,1,old_population_group,The population group the agency was in the previous year
277,305,29,BLANK,
306,307,2,jan_info_month_included_in,
308,313,6,jan_info_last_update_date,
314,314,1,jan_info_card0_type,
315,315,1,jan_info_card1_type,
316,316,1,jan_info_card2_type,
317,317,1,jan_info_card3_type,
318,318,1,jan_info_card4_type,
319,319,1,jan_info_card0_pt,
320,320,1,jan_info_card1_pt,
321,321,1,jan_info_card2_pt,
322,322,1,jan_info_card3_pt,
323,327,5,jan_unfounded_murder,
328,332,5,jan_unfounded_manslaughter,
333,337,5,jan_unfounded_rape_total,
338,342,5,jan_unfounded_rape_by_force,
343,347,5,jan_unfounded_attempted_rape,
348,352,5,jan_unfounded_robbery_total,
353,357,5,jan_unfounded_robbery_with_a_gun,
358,362,5,jan_unfounded_robbery_with_a_knife,
363,367,5,jan_unfounded_robbery_other_weapon,
368,372,5,jan_unfounded_strong_robbery,
373,377,5,jan_unfounded_assault_total,
378,382,5,jan_unfounded_assault_with_a_gun,
383,387,5,jan_unfounded_assault_with_a_knife,
388,392,5,jan_unfounded_assault_other_weapon,
393,397,5,jan_unfounded_assault_with_bands_feet_etc,
398,402,5,jan_unfounded_simple_assault,
403,407,5,jan_unfounded_burglary_total,
408,412,5,jan_unfounded_burglary_forcible_entry,
413,417,5,jan_unfounded_burglary_no_forcible_entry,
418,422,5,jan_unfounded_attempted_burglary,
423,427,5,jan_unfounded_larceny_total,
428,432,5,jan_unfounded_motor_vehicle_theft_total,
433,437,5,jan_unfounded_auto_theft,
438,442,5,jan_unfounded_truck_bus_theft,
443,447,5,jan_unfounded_other_vehicle_theft,
448,452,5,jan_unfounded_grand_total_all_fields,
453,457,5,jan_unfounded_larceny_under_50_dollars,
458,462,5,jan_unfounded_UNUSED,
463,467,5,jan_actual_murder,
468,472,5,jan_actual_manslaughter,
473,477,5,jan_actual_rape_total,
478,482,5,jan_actual_rape_by_force,
483,487,5,jan_actual_attempted_rape,
488,492,5,jan_actual_robbery_total,
493,497,5,jan_actual_robbery_with_a_gun,
498,502,5,jan_actual_robbery_with_a_knife,
503,507,5,jan_actual_robbery_other_weapon,
508,512,5,jan_actual_strong_robbery,
513,517,5,jan_actual_assault_total,
518,522,5,jan_actual_assault_with_a_gun,
523,527,5,jan_actual_assault_with_a_knife,
528,532,5,jan_actual_assault_other_weapon,
533,537,5,jan_actual_assault_with_bands_feet_etc,
538,542,5,jan_actual_simple_assault,
543,547,5,jan_actual_burglary_total,
548,552,5,jan_actual_burglary_forcible_entry,
553,557,5,jan_actual_burglary_no_forcible_entry,
558,562,5,jan_actual_attempted_burglary,
563,567,5,jan_actual_larceny_total,
568,572,5,jan_actual_motor_vehicle_theft_total,
573,577,5,jan_actual_auto_theft,
578,582,5,jan_actual_truck_bus_theft,
583,587,5,jan_actual_other_vehicle_theft,
588,592,5,jan_actual_grand_total_all_fields,
593,597,5,jan_actual_larceny_under_50_dollars,
598,602,5,jan_actual_UNUSED,
603,607,5,jan_cleared_arrest_murder,
608,612,5,jan_cleared_arrest_manslaughter,
613,617,5,jan_cleared_arrest_rape_total,
618,622,5,jan_cleared_arrest_rape_by_force,
623,627,5,jan_cleared_arrest_attempted_rape,
628,632,5,jan_cleared_arrest_robbery_total,
633,637,5,jan_cleared_arrest_robbery_with_a_gun,
638,642,5,jan_cleared_arrest_robbery_with_a_knife,
643,647,5,jan_cleared_arrest_robbery_other_weapon,
648,652,5,jan_cleared_arrest_strong_robbery,
653,657,5,jan_cleared_arrest_assault_total,
658,662,5,jan_cleared_arrest_assault_with_a_gun,
663,667,5,jan_cleared_arrest_assault_with_a_knife,
668,672,5,jan_cleared_arrest_assault_other_weapon,
673,677,5,jan_cleared_arrest_assault_with_bands_feet_etc,
678,682,5,jan_cleared_arrest_simple_assault,
683,687,5,jan_cleared_arrest_burglary_total,
688,692,5,jan_cleared_arrest_burglary_forcible_entry,
693,697,5,jan_cleared_arrest_burglary_no_forcible_entry,
698,702,5,jan_cleared_arrest_attempted_burglary,
703,707,5,jan_cleared_arrest_larceny_total,
708,712,5,jan_cleared_arrest_motor_vehicle_theft_total,
713,717,5,jan_cleared_arrest_auto_theft,
718,722,5,jan_cleared_arrest_truck_bus_theft,
723,727,5,jan_cleared_arrest_other_vehicle_theft,
728,732,5,jan_cleared_arrest_grand_total_all_fields,
733,737,5,jan_cleared_arrest_larceny_under_50_dollars,
738,742,5,jan_cleared_arrest_UNUSED,
743,747,5,jan_cleared_under_18_murder,
748,752,5,jan_cleared_under_18_manslaughter,
753,757,5,jan_cleared_under_18_rape_total,
758,762,5,jan_cleared_under_18_rape_by_force,
763,767,5,jan_cleared_under_18_attempted_rape,
768,772,5,jan_cleared_under_18_robbery_total,
773,777,5,jan_cleared_under_18_robbery_with_a_gun,
778,782,5,jan_cleared_under_18_robbery_with_a_knife,
783,787,5,jan_cleared_under_18_robbery_other_weapon,
788,792,5,jan_cleared_under_18_strong_robbery,
793,797,5,jan_cleared_under_18_assault_total,
798,802,5,jan_cleared_under_18_assault_with_a_gun,
803,807,5,jan_cleared_under_18_assault_with_a_knife,
808,812,5,jan_cleared_under_18_assault_other_weapon,
813,817,5,jan_cleared_under_18_assault_with_bands_feet_etc,
818,822,5,jan_cleared_under_18_simple_assault,
823,827,5,jan_cleared_under_18_burglary_total,
828,832,5,jan_cleared_under_18_burglary_forcible_entry,
833,837,5,jan_cleared_under_18_burglary_no_forcible_entry,
838,842,5,jan_cleared_under_18_attempted_burglary,
843,847,5,jan_cleared_under_18_larceny_total,
848,852,5,jan_cleared_under_18_motor_vehicle_theft_total,
853,857,5,jan_cleared_under_18_auto_theft,
858,862,5,jan_cleared_under_18_truck_bus_theft,
863,867,5,jan_cleared_under_18_other_vehicle_theft,
868,872,5,jan_cleared_under_18_grand_total_all_fields,
873,877,5,jan_cleared_under_18_larceny_under_50_dollars,
878,882,5,jan_cleared_under_18_UNUSED,
883,885,3,jan_officers_killed_felony,
886,888,3,jan_officers_killed_accident,
889,895,7,jan_officers_assaulted,
896,897,2,feb_info_month_included_in,
898,903,6,feb_info_last_update_date,
904,904,1,feb_info_card0_type,
905,905,1,feb_info_card1_type,
906,906,1,feb_info_card2_type,
907,907,1,feb_info_card3_type,
908,908,1,feb_info_card4_type,
909,909,1,feb_info_card0_pt,
910,910,1,feb_info_card1_pt,
911,911,1,feb_info_card2_pt,
912,912,1,feb_info_card3_pt,
913,917,5,feb_unfounded_murder,
918,922,5,feb_unfounded_manslaughter,
923,927,5,feb_unfounded_rape_total,
928,932,5,feb_unfounded_rape_by_force,
933,937,5,feb_unfounded_attempted_rape,
938,942,5,feb_unfounded_robbery_total,
943,947,5,feb_unfounded_robbery_with_a_gun,
948,952,5,feb_unfounded_robbery_with_a_knife,
953,957,5,feb_unfounded_robbery_other_weapon,
958,962,5,feb_unfounded_strong_robbery,
963,967,5,feb_unfounded_assault_total,
968,972,5,feb_unfounded_assault_with_a_gun,
973,977,5,feb_unfounded_assault_with_a_knife,
978,982,5,feb_unfounded_assault_other_weapon,
983,987,5,feb_unfounded_assault_with_bands_feet_etc,
988,992,5,feb_unfounded_simple_assault,
993,997,5,feb_unfounded_burglary_total,
998,1002,5,feb_unfounded_burglary_forcible_entry,
1003,1007,5,feb_unfounded_burglary_no_forcible_entry,
1008,1012,5,feb_unfounded_attempted_burglary,
1013,1017,5,feb_unfounded_larceny_total,
1018,1022,5,feb_unfounded_motor_vehicle_theft_total,
1023,1027,5,feb_unfounded_auto_theft,
1028,1032,5,feb_unfounded_truck_bus_theft,
1033,1037,5,feb_unfounded_other_vehicle_theft,
1038,1042,5,feb_unfounded_grand_total_all_fields,
1043,1047,5,feb_unfounded_larceny_under_50_dollars,
1048,1052,5,feb_unfounded_UNUSED,
1053,1057,5,feb_actual_murder,
1058,1062,5,feb_actual_manslaughter,
1063,1067,5,feb_actual_rape_total,
1068,1072,5,feb_actual_rape_by_force,
1073,1077,5,feb_actual_attempted_rape,
1078,1082,5,feb_actual_robbery_total,
1083,1087,5,feb_actual_robbery_with_a_gun,
1088,1092,5,feb_actual_robbery_with_a_knife,
1093,1097,5,feb_actual_robbery_other_weapon,
1098,1102,5,feb_actual_strong_robbery,
1103,1107,5,feb_actual_assault_total,
1108,1112,5,feb_actual_assault_with_a_gun,
1113,1117,5,feb_actual_assault_with_a_knife,
1118,1122,5,feb_actual_assault_other_weapon,
1123,1127,5,feb_actual_assault_with_bands_feet_etc,
1128,1132,5,feb_actual_simple_assault,
1133,1137,5,feb_actual_burglary_total,
1138,1142,5,feb_actual_burglary_forcible_entry,
1143,1147,5,feb_actual_burglary_no_forcible_entry,
1148,1152,5,feb_actual_attempted_burglary,
1153,1157,5,feb_actual_larceny_total,
1158,1162,5,feb_actual_motor_vehicle_theft_total,
1163,1167,5,feb_actual_auto_theft,
1168,1172,5,feb_actual_truck_bus_theft,
1173,1177,5,feb_actual_other_vehicle_theft,
1178,1182,5,feb_actual_grand_total_all_fields,
1183,1187,5,feb_actual_larceny_under_50_dollars,
1188,1192,5,feb_actual_UNUSED,
1193,1197,5,feb_cleared_arrest_murder,
1198,1202,5,feb_cleared_arrest_manslaughter,
1203,1207,5,feb_cleared_arrest_rape_total,
1208,1212,5,feb_cleared_arrest_rape_by_force,
1213,1217,5,feb_cleared_arrest_attempted_rape,
1218,1222,5,feb_cleared_arrest_robbery_total,
1223,1227,5,feb_cleared_arrest_robbery_with_a_gun,
1228,1232,5,feb_cleared_arrest_robbery_with_a_knife,
1233,1237,5,feb_cleared_arrest_robbery_other_weapon,
1238,1242,5,feb_cleared_arrest_strong_robbery,
1243,1247,5,feb_cleared_arrest_assault_total,
1248,1252,5,feb_cleared_arrest_assault_with_a_gun,
1253,1257,5,feb_cleared_arrest_assault_with_a_knife,
1258,1262,5,feb_cleared_arrest_assault_other_weapon,
1263,1267,5,feb_cleared_arrest_assault_with_bands_feet_etc,
1268,1272,5,feb_cleared_arrest_simple_assault,
1273,1277,5,feb_cleared_arrest_burglary_total,
1278,1282,5,feb_cleared_arrest_burglary_forcible_entry,
1283,1287,5,feb_cleared_arrest_burglary_no_forcible_entry,
1288,1292,5,feb_cleared_arrest_attempted_burglary,
1293,1297,5,feb_cleared_arrest_larceny_total,
1298,1302,5,feb_cleared_arrest_motor_vehicle_theft_total,
1303,1307,5,feb_cleared_arrest_auto_theft,
1308,1312,5,feb_cleared_arrest_truck_bus_theft,
1313,1317,5,feb_cleared_arrest_other_vehicle_theft,
1318,1322,5,feb_cleared_arrest_grand_total_all_fields,
1323,1327,5,feb_cleared_arrest_larceny_under_50_dollars,
1328,1332,5,feb_cleared_arrest_UNUSED,
1333,1337,5,feb_cleared_under_18_murder,
1338,1342,5,feb_cleared_under_18_manslaughter,
1343,1347,5,feb_cleared_under_18_rape_total,
1348,1352,5,feb_cleared_under_18_rape_by_force,
1353,1357,5,feb_cleared_under_18_attempted_rape,
1358,1362,5,feb_cleared_under_18_robbery_total,
1363,1367,5,feb_cleared_under_18_robbery_with_a_gun,
1368,1372,5,feb_cleared_under_18_robbery_with_a_knife,
1373,1377,5,feb_cleared_under_18_robbery_other_weapon,
1378,1382,5,feb_cleared_under_18_strong_robbery,
1383,1387,5,feb_cleared_under_18_assault_total,
1388,1392,5,feb_cleared_under_18_assault_with_a_gun,
1393,1397,5,feb_cleared_under_18_assault_with_a_knife,
1398,1402,5,feb_cleared_under_18_assault_other_weapon,
1403,1407,5,feb_cleared_under_18_assault_with_bands_feet_etc,
1408,1412,5,feb_cleared_under_18_simple_assault,
1413,1417,5,feb_cleared_under_18_burglary_total,
1418,1422,5,feb_cleared_under_18_burglary_forcible_entry,
1423,1427,5,feb_cleared_under_18_burglary_no_forcible_entry,
1428,1432,5,feb_cleared_under_18_attempted_burglary,
1433,1437,5,feb_cleared_under_18_larceny_total,
1438,1442,5,feb_cleared_under_18_motor_vehicle_theft_total,
1443,1447,5,feb_cleared_under_18_auto_theft,
1448,1452,5,feb_cleared_under_18_truck_bus_theft,
1453,1457,5,feb_cleared_under_18_other_vehicle_theft,
1458,1462,5,feb_cleared_under_18_grand_total_all_fields,
1463,1467,5,feb_cleared_under_18_larceny_under_50_dollars,
1468,1472,5,feb_cleared_under_18_UNUSED,
1473,1475,3,feb_officers_killed_felony,
1476,1478,3,feb_officers_killed_accident,
1479,1485,7,feb_officers_assaulted,
1486,1487,2,mar_info_month_included_in,
1488,1493,6,mar_info_last_update_date,
1494,1494,1,mar_info_card0_type,
1495,1495,1,mar_info_card1_type,
1496,1496,1,mar_info_card2_type,
1497,1497,1,mar_info_card3_type,
1498,1498,1,mar_info_card4_type,
1499,1499,1,mar_info_card0_pt,
1500,1500,1,mar_info_card1_pt,
1501,1501,1,mar_info_card2_pt,
1502,1502,1,mar_info_card3_pt,
1503,1507,5,mar_unfounded_murder,
1508,1512,5,mar_unfounded_manslaughter,
1513,1517,5,mar_unfounded_rape_total,
1518,1522,5,mar_unfounded_rape_by_force,
1523,1527,5,mar_unfounded_attempted_rape,
1528,1532,5,mar_unfounded_robbery_total,
1533,1537,5,mar_unfounded_robbery_with_a_gun,
1538,1542,5,mar_unfounded_robbery_with_a_knife,
1543,1547,5,mar_unfounded_robbery_other_weapon,
1548,1552,5,mar_unfounded_strong_robbery,
1553,1557,5,mar_unfounded_assault_total,
1558,1562,5,mar_unfounded_assault_with_a_gun,
1563,1567,5,mar_unfounded_assault_with_a_knife,
1568,1572,5,mar_unfounded_assault_other_weapon,
1573,1577,5,mar_unfounded_assault_with_bands_feet_etc,
1578,1582,5,mar_unfounded_simple_assault,
1583,1587,5,mar_unfounded_burglary_total,
1588,1592,5,mar_unfounded_burglary_forcible_entry,
1593,1597,5,mar_unfounded_burglary_no_forcible_entry,
1598,1602,5,mar_unfounded_attempted_burglary,
1603,1607,5,mar_unfounded_larceny_total,
1608,1612,5,mar_unfounded_motor_vehicle_theft_total,
1613,1617,5,mar_unfounded_auto_theft,
1618,1622,5,mar_unfounded_truck_bus_theft,
1623,1627,5,mar_unfounded_other_vehicle_theft,
1628,1632,5,mar_unfounded_grand_total_all_fields,
1633,1637,5,mar_unfounded_larceny_under_50_dollars,
1638,1642,5,mar_unfounded_UNUSED,
1643,1647,5,mar_actual_murder,
1648,1652,5,mar_actual_manslaughter,
1653,1657,5,mar_actual_rape_total,
1658,1662,5,mar_actual_rape_by_force,
1663,1667,5,mar_actual_attempted_rape,
1668,1672,5,mar_actual_robbery_total,
1673,1677,5,mar_actual_robbery_with_a_gun,
1678,1682,5,mar_actual_robbery_with_a_knife,
1683,1687,5,mar_actual_robbery_other_weapon,
1688,1692,5,mar_actual_strong_robbery,
1693,1697,5,mar_actual_assault_total,
1698,1702,5,mar_actual_assault_with_a_gun,
1703,1707,5,mar_actual_assault_with_a_knife,
1708,1712,5,mar_actual_assault_other_weapon,
1713,1717,5,mar_actual_assault_with_bands_feet_etc,
1718,1722,5,mar_actual_simple_assault,
1723,1727,5,mar_actual_burglary_total,
1728,1732,5,mar_actual_burglary_forcible_entry,
1733,1737,5,mar_actual_burglary_no_forcible_entry,
1738,1742,5,mar_actual_attempted_burglary,
1743,1747,5,mar_actual_larceny_total,
1748,1752,5,mar_actual_motor_vehicle_theft_total,
1753,1757,5,mar_actual_auto_theft,
1758,1762,5,mar_actual_truck_bus_theft,
1763,1767,5,mar_actual_other_vehicle_theft,
1768,1772,5,mar_actual_grand_total_all_fields,
1773,1777,5,mar_actual_larceny_under_50_dollars,
1778,1782,5,mar_actual_UNUSED,
1783,1787,5,mar_cleared_arrest_murder,
1788,1792,5,mar_cleared_arrest_manslaughter,
1793,1797,5,mar_cleared_arrest_rape_total,
1798,1802,5,mar_cleared_arrest_rape_by_force,
1803,1807,5,mar_cleared_arrest_attempted_rape,
1808,1812,5,mar_cleared_arrest_robbery_total,
1813,1817,5,mar_cleared_arrest_robbery_with_a_gun,
1818,1822,5,mar_cleared_arrest_robbery_with_a_knife,
1823,1827,5,mar_cleared_arrest_robbery_other_weapon,
1828,1832,5,mar_cleared_arrest_strong_robbery,
1833,1837,5,mar_cleared_arrest_assault_total,
1838,1842,5,mar_cleared_arrest_assault_with_a_gun,
1843,1847,5,mar_cleared_arrest_assault_with_a_knife,
1848,1852,5,mar_cleared_arrest_assault_other_weapon,
1853,1857,5,mar_cleared_arrest_assault_with_bands_feet_etc,
1858,1862,5,mar_cleared_arrest_simple_assault,
1863,1867,5,mar_cleared_arrest_burglary_total,
1868,1872,5,mar_cleared_arrest_burglary_forcible_entry,
1873,1877,5,mar_cleared_arrest_burglary_no_forcible_entry,
1878,1882,5,mar_cleared_arrest_attempted_burglary,
1883,1887,5,mar_cleared_arrest_larceny_total,
1888,1892,5,mar_cleared_arrest_motor_vehicle_theft_total,
1893,1897,5,mar_cleared_arrest_auto_theft,
1898,1902,5,mar_cleared_arrest_truck_bus_theft,
1903,1907,5,mar_cleared_arrest_other_vehicle_theft,
1908,1912,5,mar_cleared_arrest_grand_total_all_fields,
1913,1917,5,mar_cleared_arrest_larceny_under_50_dollars,
1918,1922,5,mar_cleared_arrest_UNUSED,
1923,1927,5,mar_cleared_under_18_murder,
1928,1932,5,mar_cleared_under_18_manslaughter,
1933,1937,5,mar_cleared_under_18_rape_total,
1938,1942,5,mar_cleared_under_18_rape_by_force,
1943,1947,5,mar_cleared_under_18_attempted_rape,
1948,1952,5,mar_cleared_under_18_robbery_total,
1953,1957,5,mar_cleared_under_18_robbery_with_a_gun,
1958,1962,5,mar_cleared_under_18_robbery_with_a_knife,
1963,1967,5,mar_cleared_under_18_robbery_other_weapon,
1968,1972,5,mar_cleared_under_18_strong_robbery,
1973,1977,5,mar_cleared_under_18_assault_total,
1978,1982,5,mar_cleared_under_18_assault_with_a_gun,
1983,1987,5,mar_cleared_under_18_assault_with_a_knife,
1988,1992,5,mar_cleared_under_18_assault_other_weapon,
1993,1997,5,mar_cleared_under_18_assault_with_bands_feet_etc,
1998,2002,5,mar_cleared_under_18_simple_assault,
2003,2007,5,mar_cleared_under_18_burglary_total,
2008,2012,5,mar_cleared_under_18_burglary_forcible_entry,
2013,2017,5,mar_cleared_under_18_burglary_no_forcible_entry,
2018,2022,5,mar_cleared_under_18_attempted_burglary,
2023,2027,5,mar_cleared_under_18_larceny_total,
2028,2032,5,mar_cleared_under_18_motor_vehicle_theft_total,
2033,2037,5,mar_cleared_under_18_auto_theft,
2038,2042,5,mar_cleared_under_18_truck_bus_theft,
2043,2047,5,mar_cleared_under_18_other_vehicle_theft,
2048,2052,5,mar_cleared_under_18_grand_total_all_fields,
2053,2057,5,mar_cleared_under_18_larceny_under_50_dollars,
2058,2062,5,mar_cleared_under_18_UNUSED,
2063,2065,3,mar_officers_killed_felony,
2066,2068,3,mar_officers_killed_accident,
2069,2075,7,mar_officers_assaulted,
2076,2077,2,apr_info_month_included_in,
2078,2083,6,apr_info_last_update_date,
2084,2084,1,apr_info_card0_type,
2085,2085,1,apr_info_card1_type,
2086,2086,1,apr_info_card2_type,
2087,2087,1,apr_info_card3_type,
2088,2088,1,apr_info_card4_type,
2089,2089,1,apr_info_card0_pt,
2090,2090,1,apr_info_card1_pt,
2091,2091,1,apr_info_card2_pt,
2092,2092,1,apr_info_card3_pt,
2093,2097,5,apr_unfounded_murder,
2098,2102,5,apr_unfounded_manslaughter,
2103,2107,5,apr_unfounded_rape_total,
2108,2112,5,apr_unfounded_rape_by_force,
2113,2117,5,apr_unfounded_attempted_rape,
2118,2122,5,apr_unfounded_robbery_total,
2123,2127,5,apr_unfounded_robbery_with_a_gun,
2128,2132,5,apr_unfounded_robbery_with_a_knife,
2133,2137,5,apr_unfounded_robbery_other_weapon,
2138,2142,5,apr_unfounded_strong_robbery,
2143,2147,5,apr_unfounded_assault_total,
2148,2152,5,apr_unfounded_assault_with_a_gun,
2153,2157,5,apr_unfounded_assault_with_a_knife,
2158,2162,5,apr_unfounded_assault_other_weapon,
2163,2167,5,apr_unfounded_assault_with_bands_feet_etc,
2168,2172,5,apr_unfounded_simple_assault,
2173,2177,5,apr_unfounded_burglary_total,
2178,2182,5,apr_unfounded_burglary_forcible_entry,
2183,2187,5,apr_unfounded_burglary_no_forcible_entry,
2188,2192,5,apr_unfounded_attempted_burglary,
2193,2197,5,apr_unfounded_larceny_total,
2198,2202,5,apr_unfounded_motor_vehicle_theft_total,
2203,2207,5,apr_unfounded_auto_theft,
2208,2212,5,apr_unfounded_truck_bus_theft,
2213,2217,5,apr_unfounded_other_vehicle_theft,
2218,2222,5,apr_unfounded_grand_total_all_fields,
2223,2227,5,apr_unfounded_larceny_under_50_dollars,
2228,2232,5,apr_unfounded_UNUSED,
2233,2237,5,apr_actual_murder,
2238,2242,5,apr_actual_manslaughter,
2243,2247,5,apr_actual_rape_total,
2248,2252,5,apr_actual_rape_by_force,
2253,2257,5,apr_actual_attempted_rape,
2258,2262,5,apr_actual_robbery_total,
2263,2267,5,apr_actual_robbery_with_a_gun,
2268,2272,5,apr_actual_robbery_with_a_knife,
2273,2277,5,apr_actual_robbery_other_weapon,
2278,2282,5,apr_actual_strong_robbery,
2283,2287,5,apr_actual_assault_total,
2288,2292,5,apr_actual_assault_with_a_gun,
2293,2297,5,apr_actual_assault_with_a_knife,
2298,2302,5,apr_actual_assault_other_weapon,
2303,2307,5,apr_actual_assault_with_bands_feet_etc,
2308,2312,5,apr_actual_simple_assault,
2313,2317,5,apr_actual_burglary_total,
2318,2322,5,apr_actual_burglary_forcible_entry,
2323,2327,5,apr_actual_burglary_no_forcible_entry,
2328,2332,5,apr_actual_attempted_burglary,
2333,2337,5,apr_actual_larceny_total,
2338,2342,5,apr_actual_motor_vehicle_theft_total,
2343,2347,5,apr_actual_auto_theft,
2348,2352,5,apr_actual_truck_bus_theft,
2353,2357,5,apr_actual_other_vehicle_theft,
2358,2362,5,apr_actual_grand_total_all_fields,
2363,2367,5,apr_actual_larceny_under_50_dollars,
2368,2372,5,apr_actual_UNUSED,
2373,2377,5,apr_cleared_arrest_murder,
2378,2382,5,apr_cleared_arrest_manslaughter,
2383,2387,5,apr_cleared_arrest_rape_total,
2388,2392,5,apr_cleared_arrest_rape_by_force,
2393,2397,5,apr_cleared_arrest_attempted_rape,
2398,2402,5,apr_cleared_arrest_robbery_total,
2403,2407,5,apr_cleared_arrest_robbery_with_a_gun,
2408,2412,5,apr_cleared_arrest_robbery_with_a_knife,
2413,2417,5,apr_cleared_arrest_robbery_other_weapon,
2418,2422,5,apr_cleared_arrest_strong_robbery,
2423,2427,5,apr_cleared_arrest_assault_total,
2428,2432,5,apr_cleared_arrest_assault_with_a_gun,
2433,2437,5,apr_cleared_arrest_assault_with_a_knife,
2438,2442,5,apr_cleared_arrest_assault_other_weapon,
2443,2447,5,apr_cleared_arrest_assault_with_bands_feet_etc,
2448,2452,5,apr_cleared_arrest_simple_assault,
2453,2457,5,apr_cleared_arrest_burglary_total,
2458,2462,5,apr_cleared_arrest_burglary_forcible_entry,
2463,2467,5,apr_cleared_arrest_burglary_no_forcible_entry,
2468,2472,5,apr_cleared_arrest_attempted_burglary,
2473,2477,5,apr_cleared_arrest_larceny_total,
2478,2482,5,apr_cleared_arrest_motor_vehicle_theft_total,
2483,2487,5,apr_cleared_arrest_auto_theft,
2488,2492,5,apr_cleared_arrest_truck_bus_theft,
2493,2497,5,apr_cleared_arrest_other_vehicle_theft,
2498,2502,5,apr_cleared_arrest_grand_total_all_fields,
2503,2507,5,apr_cleared_arrest_larceny_under_50_dollars,
2508,2512,5,apr_cleared_arrest_UNUSED,
2513,2517,5,apr_cleared_under_18_murder,
2518,2522,5,apr_cleared_under_18_manslaughter,
2523,2527,5,apr_cleared_under_18_rape_total,
2528,2532,5,apr_cleared_under_18_rape_by_force,
2533,2537,5,apr_cleared_under_18_attempted_rape,
2538,2542,5,apr_cleared_under_18_robbery_total,
2543,2547,5,apr_cleared_under_18_robbery_with_a_gun,
2548,2552,5,apr_cleared_under_18_robbery_with_a_knife,
2553,2557,5,apr_cleared_under_18_robbery_other_weapon,
2558,2562,5,apr_cleared_under_18_strong_robbery,
2563,2567,5,apr_cleared_under_18_assault_total,
2568,2572,5,apr_cleared_under_18_assault_with_a_gun,
2573,2577,5,apr_cleared_under_18_assault_with_a_knife,
2578,2582,5,apr_cleared_under_18_assault_other_weapon,
2583,2587,5,apr_cleared_under_18_assault_with_bands_feet_etc,
2588,2592,5,apr_cleared_under_18_simple_assault,
2593,2597,5,apr_cleared_under_18_burglary_total,
2598,2602,5,apr_cleared_under_18_burglary_forcible_entry,
2603,2607,5,apr_cleared_under_18_burglary_no_forcible_entry,
2608,2612,5,apr_cleared_under_18_attempted_burglary,
2613,2617,5,apr_cleared_under_18_larceny_total,
2618,2622,5,apr_cleared_under_18_motor_vehicle_theft_total,
2623,2627,5,apr_cleared_under_18_auto_theft,
2628,2632,5,apr_cleared_under_18_truck_bus_theft,
2633,2637,5,apr_cleared_under_18_other_vehicle_theft,
2638,2642,5,apr_cleared_under_18_grand_total_all_fields,
2643,2647,5,apr_cleared_under_18_larceny_under_50_dollars,
2648,2652,5,apr_cleared_under_18_UNUSED,
2653,2655,3,apr_officers_killed_felony,
2656,2658,3,apr_officers_killed_accident,
2659,2665,7,apr_officers_assaulted,
2666,2667,2,may_info_month_included_in,
2668,2673,6,may_info_last_update_date,
2674,2674,1,may_info_card0_type,
2675,2675,1,may_info_card1_type,
2676,2676,1,may_info_card2_type,
2677,2677,1,may_info_card3_type,
2678,2678,1,may_info_card4_type,
2679,2679,1,may_info_card0_pt,
2680,2680,1,may_info_card1_pt,
2681,2681,1,may_info_card2_pt,
2682,2682,1,may_info_card3_pt,
2683,2687,5,may_unfounded_murder,
2688,2692,5,may_unfounded_manslaughter,
2693,2697,5,may_unfounded_rape_total,
2698,2702,5,may_unfounded_rape_by_force,
2703,2707,5,may_unfounded_attempted_rape,
2708,2712,5,may_unfounded_robbery_total,
2713,2717,5,may_unfounded_robbery_with_a_gun,
2718,2722,5,may_unfounded_robbery_with_a_knife,
2723,2727,5,may_unfounded_robbery_other_weapon,
2728,2732,5,may_unfounded_strong_robbery,
2733,2737,5,may_unfounded_assault_total,
2738,2742,5,may_unfounded_assault_with_a_gun,
2743,2747,5,may_unfounded_assault_with_a_knife,
2748,2752,5,may_unfounded_assault_other_weapon,
2753,2757,5,may_unfounded_assault_with_bands_feet_etc,
2758,2762,5,may_unfounded_simple_assault,
2763,2767,5,may_unfounded_burglary_total,
2768,2772,5,may_unfounded_burglary_forcible_entry,
2773,2777,5,may_unfounded_burglary_no_forcible_entry,
2778,2782,5,may_unfounded_attempted_burglary,
2783,2787,5,may_unfounded_larceny_total,
2788,2792,5,may_unfounded_motor_vehicle_theft_total,
2793,2797,5,may_unfounded_auto_theft,
2798,2802,5,may_unfounded_truck_bus_theft,
2803,2807,5,may_unfounded_other_vehicle_theft,
2808,2812,5,may_unfounded_grand_total_all_fields,
2813,2817,5,may_unfounded_larceny_under_50_dollars,
2818,2822,5,may_unfounded_UNUSED,
2823,2827,5,may_actual_murder,
2828,2832,5,may_actual_manslaughter,
2833,2837,5,may_actual_rape_total,
2838,2842,5,may_actual_rape_by_force,
2843,2847,5,may_actual_attempted_rape,
2848,2852,5,may_actual_robbery_total,
2853,2857,5,may_actual_robbery_with_a_gun,
2858,2862,5,may_actual_robbery_with_a_knife,
2863,2867,5,may_actual_robbery_other_weapon,
2868,2872,5,may_actual_strong_robbery,
2873,2877,5,may_actual_assault_total,
2878,2882,5,may_actual_assault_with_a_gun,
2883,2887,5,may_actual_assault_with_a_knife,
2888,2892,5,may_actual_assault_other_weapon,
2893,2897,5,may_actual_assault_with_bands_feet_etc,
2898,2902,5,may_actual_simple_assault,
2903,2907,5,may_actual_burglary_total,
2908,2912,5,may_actual_burglary_forcible_entry,
2913,2917,5,may_actual_burglary_no_forcible_entry,
2918,2922,5,may_actual_attempted_burglary,
2923,2927,5,may_actual_larceny_total,
2928,2932,5,may_actual_motor_vehicle_theft_total,
2933,2937,5,may_actual_auto_theft,
2938,2942,5,may_actual_truck_bus_theft,
2943,2947,5,may_actual_other_vehicle_theft,
2948,2952,5,may_actual_grand_total_all_fields,
2953,2957,5,may_actual_larceny_under_50_dollars,
2958,2962,5,may_actual_UNUSED,
2963,2967,5,may_cleared_arrest_murder,
2968,2972,5,may_cleared_arrest_manslaughter,
2973,2977,5,may_cleared_arrest_rape_total,
2978,2982,5,may_cleared_arrest_rape_by_force,
2983,2987,5,may_cleared_arrest_attempted_rape,
2988,2992,5,may_cleared_arrest_robbery_total,
2993,2997,5,may_cleared_arrest_robbery_with_a_gun,
2998,3002,5,may_cleared_arrest_robbery_with_a_knife,
3003,3007,5,may_cleared_arrest_robbery_other_weapon,
3008,3012,5,may_cleared_arrest_strong_robbery,
3013,3017,5,may_cleared_arrest_assault_total,
3018,3022,5,may_cleared_arrest_assault_with_a_gun,
3023,3027,5,may_cleared_arrest_assault_with_a_knife,
3028,3032,5,may_cleared_arrest_assault_other_weapon,
3033,3037,5,may_cleared_arrest_assault_with_bands_feet_etc,
3038,3042,5,may_cleared_arrest_simple_assault,
3043,3047,5,may_cleared_arrest_burglary_total,
3048,3052,5,may_cleared_arrest_burglary_forcible_entry,
3053,3057,5,may_cleared_arrest_burglary_no_forcible_entry,
3058,3062,5,may_cleared_arrest_attempted_burglary,
3063,3067,5,may_cleared_arrest_larceny_total,
3068,3072,5,may_cleared_arrest_motor_vehicle_theft_total,
3073,3077,5,may_cleared_arrest_auto_theft,
3078,3082,5,may_cleared_arrest_truck_bus_theft,
3083,3087,5,may_cleared_arrest_other_vehicle_theft,
3088,3092,5,may_cleared_arrest_grand_total_all_fields,
3093,3097,5,may_cleared_arrest_larceny_under_50_dollars,
3098,3102,5,may_cleared_arrest_UNUSED,
3103,3107,5,may_cleared_under_18_murder,
3108,3112,5,may_cleared_under_18_manslaughter,
3113,3117,5,may_cleared_under_18_rape_total,
3118,3122,5,may_cleared_under_18_rape_by_force,
3123,3127,5,may_cleared_under_18_attempted_rape,
3128,3132,5,may_cleared_under_18_robbery_total,
3133,3137,5,may_cleared_under_18_robbery_with_a_gun,
3138,3142,5,may_cleared_under_18_robbery_with_a_knife,
3143,3147,5,may_cleared_under_18_robbery_other_weapon,
3148,3152,5,may_cleared_under_18_strong_robbery,
3153,3157,5,may_cleared_under_18_assault_total,
3158,3162,5,may_cleared_under_18_assault_with_a_gun,
3163,3167,5,may_cleared_under_18_assault_with_a_knife,
3168,3172,5,may_cleared_under_18_assault_other_weapon,
3173,3177,5,may_cleared_under_18_assault_with_bands_feet_etc,
3178,3182,5,may_cleared_under_18_simple_assault,
3183,3187,5,may_cleared_under_18_burglary_total,
3188,3192,5,may_cleared_under_18_burglary_forcible_entry,
3193,3197,5,may_cleared_under_18_burglary_no_forcible_entry,
3198,3202,5,may_cleared_under_18_attempted_burglary,
3203,3207,5,may_cleared_under_18_larceny_total,
3208,3212,5,may_cleared_under_18_motor_vehicle_theft_total,
3213,3217,5,may_cleared_under_18_auto_theft,
3218,3222,5,may_cleared_under_18_truck_bus_theft,
3223,3227,5,may_cleared_under_18_other_vehicle_theft,
3228,3232,5,may_cleared_under_18_grand_total_all_fields,
3233,3237,5,may_cleared_under_18_larceny_under_50_dollars,
3238,3242,5,may_cleared_under_18_UNUSED,
3243,3245,3,may_officers_killed_felony,
3246,3248,3,may_officers_killed_accident,
3249,3255,7,may_officers_assaulted,
3256,3257,2,jun_info_month_included_in,
3258,3263,6,jun_info_last_update_date,
3264,3264,1,jun_info_card0_type,
3265,3265,1,jun_info_card1_type,
3266,3266,1,jun_info_card2_type,
3267,3267,1,jun_info_card3_type,
3268,3268,1,jun_info_card4_type,
3269,3269,1,jun_info_card0_pt,
3270,3270,1,jun_info_card1_pt,
3271,3271,1,jun_info_card2_pt,
3272,3272,1,jun_info_card3_pt,
3273,3277,5,jun_unfounded_murder,
3278,3282,5,jun_unfounded_manslaughter,
3283,3287,5,jun_unfounded_rape_total,
3288,3292,5,jun_unfounded_rape_by_force,
3293,3297,5,jun_unfounded_attempted_rape,
3298,3302,5,jun_unfounded_robbery_total,
3303,3307,5,jun_unfounded_robbery_with_a_gun,
3308,3312,5,jun_unfounded_robbery_with_a_knife,
3313,3317,5,jun_unfounded_robbery_other_weapon,
3318,3322,5,jun_unfounded_strong_robbery,
3323,3327,5,jun_unfounded_assault_total,
3328,3332,5,jun_unfounded_assault_with_a_gun,
3333,3337,5,jun_unfounded_assault_with_a_knife,
3338,3342,5,jun_unfounded_assault_other_weapon,
3343,3347,5,jun_unfounded_assault_with_bands_feet_etc,
3348,3352,5,jun_unfounded_simple_assault,
3353,3357,5,jun_unfounded_burglary_total,
3358,3362,5,jun_unfounded_burglary_forcible_entry,
3363,3367,5,jun_unfounded_burglary_no_forcible_entry,
3368,3372,5,jun_unfounded_attempted_burglary,
3373,3377,5,jun_unfounded_larceny_total,
3378,3382,5,jun_unfounded_motor_vehicle_theft_total,
3383,3387,5,jun_unfounded_auto_theft,
3388,3392,5,jun_unfounded_truck_bus_theft,
3393,3397,5,jun_unfounded_other_vehicle_theft,
3398,3402,5,jun_unfounded_grand_total_all_fields,
3403,3407,5,jun_unfounded_larceny_under_50_dollars,
3408,3412,5,jun_unfounded_UNUSED,
3413,3417,5,jun_actual_murder,
3418,3422,5,jun_actual_manslaughter,
3423,3427,5,jun_actual_rape_total,
3428,3432,5,jun_actual_rape_by_force,
3433,3437,5,jun_actual_attempted_rape,
3438,3442,5,jun_actual_robbery_total,
3443,3447,5,jun_actual_robbery_with_a_gun,
3448,3452,5,jun_actual_robbery_with_a_knife,
3453,3457,5,jun_actual_robbery_other_weapon,
3458,3462,5,jun_actual_strong_robbery,
3463,3467,5,jun_actual_assault_total,
3468,3472,5,jun_actual_assault_with_a_gun,
3473,3477,5,jun_actual_assault_with_a_knife,
3478,3482,5,jun_actual_assault_other_weapon,
3483,3487,5,jun_actual_assault_with_bands_feet_etc,
3488,3492,5,jun_actual_simple_assault,
3493,3497,5,jun_actual_burglary_total,
3498,3502,5,jun_actual_burglary_forcible_entry,
3503,3507,5,jun_actual_burglary_no_forcible_entry,
3508,3512,5,jun_actual_attempted_burglary,
3513,3517,5,jun_actual_larceny_total,
3518,3522,5,jun_actual_motor_vehicle_theft_total,
3523,3527,5,jun_actual_auto_theft,
3528,3532,5,jun_actual_truck_bus_theft,
3533,3537,5,jun_actual_other_vehicle_theft,
3538,3542,5,jun_actual_grand_total_all_fields,
3543,3547,5,jun_actual_larceny_under_50_dollars,
3548,3552,5,jun_actual_UNUSED,
3553,3557,5,jun_cleared_arrest_murder,
3558,3562,5,jun_cleared_arrest_manslaughter,
3563,3567,5,jun_cleared_arrest_rape_total,
3568,3572,5,jun_cleared_arrest_rape_by_force,
3573,3577,5,jun_cleared_arrest_attempted_rape,
3578,3582,5,jun_cleared_arrest_robbery_total,
3583,3587,5,jun_cleared_arrest_robbery_with_a_gun,
3588,3592,5,jun_cleared_arrest_robbery_with_a_knife,
3593,3597,5,jun_cleared_arrest_robbery_other_weapon,
3598,3602,5,jun_cleared_arrest_strong_robbery,
3603,3607,5,jun_cleared_arrest_assault_total,
3608,3612,5,jun_cleared_arrest_assault_with_a_gun,
3613,3617,5,jun_cleared_arrest_assault_with_a_knife,
3618,3622,5,jun_cleared_arrest_assault_other_weapon,
3623,3627,5,jun_cleared_arrest_assault_with_bands_feet_etc,
3628,3632,5,jun_cleared_arrest_simple_assault,
3633,3637,5,jun_cleared_arrest_burglary_total,
3638,3642,5,jun_cleared_arrest_burglary_forcible_entry,
3643,3647,5,jun_cleared_arrest_burglary_no_forcible_entry,
3648,3652,5,jun_cleared_arrest_attempted_burglary,
3653,3657,5,jun_cleared_arrest_larceny_total,
3658,3662,5,jun_cleared_arrest_motor_vehicle_theft_total,
3663,3667,5,jun_cleared_arrest_auto_theft,
3668,3672,5,jun_cleared_arrest_truck_bus_theft,
3673,3677,5,jun_cleared_arrest_other_vehicle_theft,
3678,3682,5,jun_cleared_arrest_grand_total_all_fields,
3683,3687,5,jun_cleared_arrest_larceny_under_50_dollars,
3688,3692,5,jun_cleared_arrest_UNUSED,
3693,3697,5,jun_cleared_under_18_murder,
3698,3702,5,jun_cleared_under_18_manslaughter,
3703,3707,5,jun_cleared_under_18_rape_total,
3708,3712,5,jun_cleared_under_18_rape_by_force,
3713,3717,5,jun_cleared_under_18_attempted_rape,
3718,3722,5,jun_cleared_under_18_robbery_total,
3723,3727,5,jun_cleared_under_18_robbery_with_a_gun,
3728,3732,5,jun_cleared_under_18_robbery_with_a_knife,
3733,3737,5,jun_cleared_under_18_robbery_other_weapon,
3738,3742,5,jun_cleared_under_18_strong_robbery,
3743,3747,5,jun_cleared_under_18_assault_total,
3748,3752,5,jun_cleared_under_18_assault_with_a_gun,
3753,3757,5,jun_cleared_under_18_assault_with_a_knife,
3758,3762,5,jun_cleared_under_18_assault_other_weapon,
3763,3767,5,jun_cleared_under_18_assault_with_bands_feet_etc,
3768,3772,5,jun_cleared_under_18_simple_assault,
3773,3777,5,jun_cleared_under_18_burglary_total,
3778,3782,5,jun_cleared_under_18_burglary_forcible_entry,
3783,3787,5,jun_cleared_under_18_burglary_no_forcible_entry,
3788,3792,5,jun_cleared_under_18_attempted_burglary,
3793,3797,5,jun_cleared_under_18_larceny_total,
3798,3802,5,jun_cleared_under_18_motor_vehicle_theft_total,
3803,3807,5,jun_cleared_under_18_auto_theft,
3808,3812,5,jun_cleared_under_18_truck_bus_theft,
3813,3817,5,jun_cleared_under_18_other_vehicle_theft,
3818,3822,5,jun_cleared_under_18_grand_total_all_fields,
3823,3827,5,jun_cleared_under_18_larceny_under_50_dollars,
3828,3832,5,jun_cleared_under_18_UNUSED,
3833,3835,3,jun_officers_killed_felony,
3836,3838,3,jun_officers_killed_accident,
3839,3845,7,jun_officers_assaulted,
3846,3847,2,jul_info_month_included_in,
3848,3853,6,jul_info_last_update_date,
3854,3854,1,jul_info_card0_type,
3855,3855,1,jul_info_card1_type,
3856,3856,1,jul_info_card2_type,
3857,3857,1,jul_info_card3_type,
3858,3858,1,jul_info_card4_type,
3859,3859,1,jul_info_card0_pt,
3860,3860,1,jul_info_card1_pt,
3861,3861,1,jul_info_card2_pt,
3862,3862,1,jul_info_card3_pt,
3863,3867,5,jul_unfounded_murder,
3868,3872,5,jul_unfounded_manslaughter,
3873,3877,5,jul_unfounded_rape_total,
3878,3882,5,jul_unfounded_rape_by_force,
3883,3887,5,jul_unfounded_attempted_rape,
3888,3892,5,jul_unfounded_robbery_total,
3893,3897,5,jul_unfounded_robbery_with_a_gun,
3898,3902,5,jul_unfounded_robbery_with_a_knife,
3903,3907,5,jul_unfounded_robbery_other_weapon,
3908,3912,5,jul_unfounded_strong_robbery,
3913,3917,5,jul_unfounded_assault_total,
3918,3922,5,jul_unfounded_assault_with_a_gun,
3923,3927,5,jul_unfounded_assault_with_a_knife,
3928,3932,5,jul_unfounded_assault_other_weapon,
3933,3937,5,jul_unfounded_assault_with_bands_feet_etc,
3938,3942,5,jul_unfounded_simple_assault,
3943,3947,5,jul_unfounded_burglary_total,
3948,3952,5,jul_unfounded_burglary_forcible_entry,
3953,3957,5,jul_unfounded_burglary_no_forcible_entry,
3958,3962,5,jul_unfounded_attempted_burglary,
3963,3967,5,jul_unfounded_larceny_total,
3968,3972,5,jul_unfounded_motor_vehicle_theft_total,
3973,3977,5,jul_unfounded_auto_theft,
3978,3982,5,jul_unfounded_truck_bus_theft,
3983,3987,5,jul_unfounded_other_vehicle_theft,
3988,3992,5,jul_unfounded_grand_total_all_fields,
3993,3997,5,jul_unfounded_larceny_under_50_dollars,
3998,4002,5,jul_unfounded_UNUSED,
4003,4007,5,jul_actual_murder,
4008,4012,5,jul_actual_manslaughter,
4013,4017,5,jul_actual_rape_total,
4018,4022,5,jul_actual_rape_by_force,
4023,4027,5,jul_actual_attempted_rape,
4028,4032,5,jul_actual_robbery_total,
4033,4037,5,jul_actual_robbery_with_a_gun,
4038,4042,5,jul_actual_robbery_with_a_knife,
4043,4047,5,jul_actual_robbery_other_weapon,
4048,4052,5,jul_actual_strong_robbery,
4053,4057,5,jul_actual_assault_total,
4058,4062,5,jul_actual_assault_with_a_gun,
4063,4067,5,jul_actual_assault_with_a_knife,
4068,4072,5,jul_actual_assault_other_weapon,
4073,4077,5,jul_actual_assault_with_bands_feet_etc,
4078,4082,5,jul_actual_simple_assault,
4083,4087,5,jul_actual_burglary_total,
4088,4092,5,jul_actual_burglary_forcible_entry,
4093,4097,5,jul_actual_burglary_no_forcible_entry,
4098,4102,5,jul_actual_attempted_burglary,
4103,4107,5,jul_actual_larceny_total,
4108,4112,5,jul_actual_motor_vehicle_theft_total,
4113,4117,5,jul_actual_auto_theft,
4118,4122,5,jul_actual_truck_bus_theft,
4123,4127,5,jul_actual_other_vehicle_theft,
4128,4132,5,jul_actual_grand_total_all_fields,
4133,4137,5,jul_actual_larceny_under_50_dollars,
4138,4142,5,jul_actual_UNUSED,
4143,4147,5,jul_cleared_arrest_murder,
4148,4152,5,jul_cleared_arrest_manslaughter,
4153,4157,5,jul_cleared_arrest_rape_total,
4158,4162,5,jul_cleared_arrest_rape_by_force,
4163,4167,5,jul_cleared_arrest_attempted_rape,
4168,4172,5,jul_cleared_arrest_robbery_total,
4173,4177,5,jul_cleared_arrest_robbery_with_a_gun,
4178,4182,5,jul_cleared_arrest_robbery_with_a_knife,
4183,4187,5,jul_cleared_arrest_robbery_other_weapon,
4188,4192,5,jul_cleared_arrest_strong_robbery,
4193,4197,5,jul_cleared_arrest_assault_total,
4198,4202,5,jul_cleared_arrest_assault_with_a_gun,
4203,4207,5,jul_cleared_arrest_assault_with_a_knife,
4208,4212,5,jul_cleared_arrest_assault_other_weapon,
4213,4217,5,jul_cleared_arrest_assault_with_bands_feet_etc,
4218,4222,5,jul_cleared_arrest_simple_assault,
4223,4227,5,jul_cleared_arrest_burglary_total,
4228,4232,5,jul_cleared_arrest_burglary_forcible_entry,
4233,4237,5,jul_cleared_arrest_burglary_no_forcible_entry,
4238,4242,5,jul_cleared_arrest_attempted_burglary,
4243,4247,5,jul_cleared_arrest_larceny_total,
4248,4252,5,jul_cleared_arrest_motor_vehicle_theft_total,
4253,4257,5,jul_cleared_arrest_auto_theft,
4258,4262,5,jul_cleared_arrest_truck_bus_theft,
4263,4267,5,jul_cleared_arrest_other_vehicle_theft,
4268,4272,5,jul_cleared_arrest_grand_total_all_fields,
4273,4277,5,jul_cleared_arrest_larceny_under_50_dollars,
4278,4282,5,jul_cleared_arrest_UNUSED,
4283,4287,5,jul_cleared_under_18_murder,
4288,4292,5,jul_cleared_under_18_manslaughter,
4293,4297,5,jul_cleared_under_18_rape_total,
4298,4302,5,jul_cleared_under_18_rape_by_force,
4303,4307,5,jul_cleared_under_18_attempted_rape,
4308,4312,5,jul_cleared_under_18_robbery_total,
4313,4317,5,jul_cleared_under_18_robbery_with_a_gun,
4318,4322,5,jul_cleared_under_18_robbery_with_a_knife,
4323,4327,5,jul_cleared_under_18_robbery_other_weapon,
4328,4332,5,jul_cleared_under_18_strong_robbery,
4333,4337,5,jul_cleared_under_18_assault_total,
4338,4342,5,jul_cleared_under_18_assault_with_a_gun,
4343,4347,5,jul_cleared_under_18_assault_with_a_knife,
4348,4352,5,jul_cleared_under_18_assault_other_weapon,
4353,4357,5,jul_cleared_under_18_assault_with_bands_feet_etc,
4358,4362,5,jul_cleared_under_18_simple_assault,
4363,4367,5,jul_cleared_under_18_burglary_total,
4368,4372,5,jul_cleared_under_18_burglary_forcible_entry,
4373,4377,5,jul_cleared_under_18_burglary_no_forcible_entry,
4378,4382,5,jul_cleared_under_18_attempted_burglary,
4383,4387,5,jul_cleared_under_18_larceny_total,
4388,4392,5,jul_cleared_under_18_motor_vehicle_theft_total,
4393,4397,5,jul_cleared_under_18_auto_theft,
4398,4402,5,jul_cleared_under_18_truck_bus_theft,
4403,4407,5,jul_cleared_under_18_other_vehicle_theft,
4408,4412,5,jul_cleared_under_18_grand_total_all_fields,
4413,4417,5,jul_cleared_under_18_larceny_under_50_dollars,
4418,4422,5,jul_cleared_under_18_UNUSED,
4423,4425,3,jul_officers_killed_felony,
4426,4428,3,jul_officers_killed_accident,
4429,4435,7,jul_officers_assaulted,
4436,4437,2,aug_info_month_included_in,
4438,4443,6,aug_info_last_update_date,
4444,4444,1,aug_info_card0_type,
4445,4445,1,aug_info_card1_type,
4446,4446,1,aug_info_card2_type,
4447,4447,1,aug_info_card3_type,
4448,4448,1,aug_info_card4_type,
4449,4449,1,aug_info_card0_pt,
4450,4450,1,aug_info_card1_pt,
4451,4451,1,aug_info_card2_pt,
4452,4452,1,aug_info_card3_pt,
4453,4457,5,aug_unfounded_murder,
4458,4462,5,aug_unfounded_manslaughter,
4463,4467,5,aug_unfounded_rape_total,
4468,4472,5,aug_unfounded_rape_by_force,
4473,4477,5,aug_unfounded_attempted_rape,
4478,4482,5,aug_unfounded_robbery_total,
4483,4487,5,aug_unfounded_robbery_with_a_gun,
4488,4492,5,aug_unfounded_robbery_with_a_knife,
4493,4497,5,aug_unfounded_robbery_other_weapon,
4498,4502,5,aug_unfounded_strong_robbery,
4503,4507,5,aug_unfounded_assault_total,
4508,4512,5,aug_unfounded_assault_with_a_gun,
4513,4517,5,aug_unfounded_assault_with_a_knife,
4518,4522,5,aug_unfounded_assault_other_weapon,
4523,4527,5,aug_unfounded_assault_with_bands_feet_etc,
4528,4532,5,aug_unfounded_simple_assault,
4533,4537,5,aug_unfounded_burglary_total,
4538,4542,5,aug_unfounded_burglary_forcible_entry,
4543,4547,5,aug_unfounded_burglary_no_forcible_entry,
4548,4552,5,aug_unfounded_attempted_burglary,
4553,4557,5,aug_unfounded_larceny_total,
4558,4562,5,aug_unfounded_motor_vehicle_theft_total,
4563,4567,5,aug_unfounded_auto_theft,
4568,4572,5,aug_unfounded_truck_bus_theft,
4573,4577,5,aug_unfounded_other_vehicle_theft,
4578,4582,5,aug_unfounded_grand_total_all_fields,
4583,4587,5,aug_unfounded_larceny_under_50_dollars,
4588,4592,5,aug_unfounded_UNUSED,
4593,4597,5,aug_actual_murder,
4598,4602,5,aug_actual_manslaughter,
4603,4607,5,aug_actual_rape_total,
4608,4612,5,aug_actual_rape_by_force,
4613,4617,5,aug_actual_attempted_rape,
4618,4622,5,aug_actual_robbery_total,
4623,4627,5,aug_actual_robbery_with_a_gun,
4628,4632,5,aug_actual_robbery_with_a_knife,
4633,4637,5,aug_actual_robbery_other_weapon,
4638,4642,5,aug_actual_strong_robbery,
4643,4647,5,aug_actual_assault_total,
4648,4652,5,aug_actual_assault_with_a_gun,
4653,4657,5,aug_actual_assault_with_a_knife,
4658,4662,5,aug_actual_assault_other_weapon,
4663,4667,5,aug_actual_assault_with_bands_feet_etc,
4668,4672,5,aug_actual_simple_assault,
4673,4677,5,aug_actual_burglary_total,
4678,4682,5,aug_actual_burglary_forcible_entry,
4683,4687,5,aug_actual_burglary_no_forcible_entry,
4688,4692,5,aug_actual_attempted_burglary,
4693,4697,5,aug_actual_larceny_total,
4698,4702,5,aug_actual_motor_vehicle_theft_total,
4703,4707,5,aug_actual_auto_theft,
4708,4712,5,aug_actual_truck_bus_theft,
4713,4717,5,aug_actual_other_vehicle_theft,
4718,4722,5,aug_actual_grand_total_all_fields,
4723,4727,5,aug_actual_larceny_under_50_dollars,
4728,4732,5,aug_actual_UNUSED,
4733,4737,5,aug_cleared_arrest_murder,
4738,4742,5,aug_cleared_arrest_manslaughter,
4743,4747,5,aug_cleared_arrest_rape_total,
4748,4752,5,aug_cleared_arrest_rape_by_force,
4753,4757,5,aug_cleared_arrest_attempted_rape,
4758,4762,5,aug_cleared_arrest_robbery_total,
4763,4767,5,aug_cleared_arrest_robbery_with_a_gun,
4768,4772,5,aug_cleared_arrest_robbery_with_a_knife,
4773,4777,5,aug_cleared_arrest_robbery_other_weapon,
4778,4782,5,aug_cleared_arrest_strong_robbery,
4783,4787,5,aug_cleared_arrest_assault_total,
4788,4792,5,aug_cleared_arrest_assault_with_a_gun,
4793,4797,5,aug_cleared_arrest_assault_with_a_knife,
4798,4802,5,aug_cleared_arrest_assault_other_weapon,
4803,4807,5,aug_cleared_arrest_assault_with_bands_feet_etc,
4808,4812,5,aug_cleared_arrest_simple_assault,
4813,4817,5,aug_cleared_arrest_burglary_total,
4818,4822,5,aug_cleared_arrest_burglary_forcible_entry,
4823,4827,5,aug_cleared_arrest_burglary_no_forcible_entry,
4828,4832,5,aug_cleared_arrest_attempted_burglary,
4833,4837,5,aug_cleared_arrest_larceny_total,
4838,4842,5,aug_cleared_arrest_motor_vehicle_theft_total,
4843,4847,5,aug_cleared_arrest_auto_theft,
4848,4852,5,aug_cleared_arrest_truck_bus_theft,
4853,4857,5,aug_cleared_arrest_other_vehicle_theft,
4858,4862,5,aug_cleared_arrest_grand_total_all_fields,
4863,4867,5,aug_cleared_arrest_larceny_under_50_dollars,
4868,4872,5,aug_cleared_arrest_UNUSED,
4873,4877,5,aug_cleared_under_18_murder,
4878,4882,5,aug_cleared_under_18_manslaughter,
4883,4887,5,aug_cleared_under_18_rape_total,
4888,4892,5,aug_cleared_under_18_rape_by_force,
4893,4897,5,aug_cleared_under_18_attempted_rape,
4898,4902,5,aug_cleared_under_18_robbery_total,
4903,4907,5,aug_cleared_under_18_robbery_with_a_gun,
4908,4912,5,aug_cleared_under_18_robbery_with_a_knife,
4913,4917,5,aug_cleared_under_18_robbery_other_weapon,
4918,4922,5,aug_cleared_under_18_strong_robbery,
4923,4927,5,aug_cleared_under_18_assault_total,
4928,4932,5,aug_cleared_under_18_assault_with_a_gun,
4933,4937,5,aug_cleared_under_18_assault_with_a_knife,
4938,4942,5,aug_cleared_under_18_assault_other_weapon,
4943,4947,5,aug_cleared_under_18_assault_with_bands_feet_etc,
4948,4952,5,aug_cleared_under_18_simple_assault,
4953,4957,5,aug_cleared_under_18_burglary_total,
4958,4962,5,aug_cleared_under_18_burglary_forcible_entry,
4963,4967,5,aug_cleared_under_18_burglary_no_forcible_entry,
4968,4972,5,aug_cleared_under_18_attempted_burglary,
4973,4977,5,aug_cleared_under_18_larceny_total,
4978,4982,5,aug_cleared_under_18_motor_vehicle_theft_total,
4983,4987,5,aug_cleared_under_18_auto_theft,
4988,4992,5,aug_cleared_under_18_truck_bus_theft,
4993,4997,5,aug_cleared_under_18_other_vehicle_theft,
4998,5002,5,aug_cleared_under_18_grand_total_all_fields,
5003,5007,5,aug_cleared_under_18_larceny_under_50_dollars,
5008,5012,5,aug_cleared_under_18_UNUSED,
5013,5015,3,aug_officers_killed_felony,
5016,5018,3,aug_officers_killed_accident,
5019,5025,7,aug_officers_assaulted,
5026,5027,2,sep_info_month_included_in,
5028,5033,6,sep_info_last_update_date,
5034,5034,1,sep_info_card0_type,
5035,5035,1,sep_info_card1_type,
5036,5036,1,sep_info_card2_type,
5037,5037,1,sep_info_card3_type,
5038,5038,1,sep_info_card4_type,
5039,5039,1,sep_info_card0_pt,
5040,5040,1,sep_info_card1_pt,
5041,5041,1,sep_info_card2_pt,
5042,5042,1,sep_info_card3_pt,
5043,5047,5,sep_unfounded_murder,
5048,5052,5,sep_unfounded_manslaughter,
5053,5057,5,sep_unfounded_rape_total,
5058,5062,5,sep_unfounded_rape_by_force,
5063,5067,5,sep_unfounded_attempted_rape,
5068,5072,5,sep_unfounded_robbery_total,
5073,5077,5,sep_unfounded_robbery_with_a_gun,
5078,5082,5,sep_unfounded_robbery_with_a_knife,
5083,5087,5,sep_unfounded_robbery_other_weapon,
5088,5092,5,sep_unfounded_strong_robbery,
5093,5097,5,sep_unfounded_assault_total,
5098,5102,5,sep_unfounded_assault_with_a_gun,
5103,5107,5,sep_unfounded_assault_with_a_knife,
5108,5112,5,sep_unfounded_assault_other_weapon,
5113,5117,5,sep_unfounded_assault_with_bands_feet_etc,
5118,5122,5,sep_unfounded_simple_assault,
5123,5127,5,sep_unfounded_burglary_total,
5128,5132,5,sep_unfounded_burglary_forcible_entry,
5133,5137,5,sep_unfounded_burglary_no_forcible_entry,
5138,5142,5,sep_unfounded_attempted_burglary,
5143,5147,5,sep_unfounded_larceny_total,
5148,5152,5,sep_unfounded_motor_vehicle_theft_total,
5153,5157,5,sep_unfounded_auto_theft,
5158,5162,5,sep_unfounded_truck_bus_theft,
5163,5167,5,sep_unfounded_other_vehicle_theft,
5168,5172,5,sep_unfounded_grand_total_all_fields,
5173,5177,5,sep_unfounded_larceny_under_50_dollars,
5178,5182,5,sep_unfounded_UNUSED,
5183,5187,5,sep_actual_murder,
5188,5192,5,sep_actual_manslaughter,
5193,5197,5,sep_actual_rape_total,
5198,5202,5,sep_actual_rape_by_force,
5203,5207,5,sep_actual_attempted_rape,
5208,5212,5,sep_actual_robbery_total,
5213,5217,5,sep_actual_robbery_with_a_gun,
5218,5222,5,sep_actual_robbery_with_a_knife,
5223,5227,5,sep_actual_robbery_other_weapon,
5228,5232,5,sep_actual_strong_robbery,
5233,5237,5,sep_actual_assault_total,
5238,5242,5,sep_actual_assault_with_a_gun,
5243,5247,5,sep_actual_assault_with_a_knife,
5248,5252,5,sep_actual_assault_other_weapon,
5253,5257,5,sep_actual_assault_with_bands_feet_etc,
5258,5262,5,sep_actual_simple_assault,
5263,5267,5,sep_actual_burglary_total,
5268,5272,5,sep_actual_burglary_forcible_entry,
5273,5277,5,sep_actual_burglary_no_forcible_entry,
5278,5282,5,sep_actual_attempted_burglary,
5283,5287,5,sep_actual_larceny_total,
5288,5292,5,sep_actual_motor_vehicle_theft_total,
5293,5297,5,sep_actual_auto_theft,
5298,5302,5,sep_actual_truck_bus_theft,
5303,5307,5,sep_actual_other_vehicle_theft,
5308,5312,5,sep_actual_grand_total_all_fields,
5313,5317,5,sep_actual_larceny_under_50_dollars,
5318,5322,5,sep_actual_UNUSED,
5323,5327,5,sep_cleared_arrest_murder,
5328,5332,5,sep_cleared_arrest_manslaughter,
5333,5337,5,sep_cleared_arrest_rape_total,
5338,5342,5,sep_cleared_arrest_rape_by_force,
5343,5347,5,sep_cleared_arrest_attempted_rape,
5348,5352,5,sep_cleared_arrest_robbery_total,
5353,5357,5,sep_cleared_arrest_robbery_with_a_gun,
5358,5362,5,sep_cleared_arrest_robbery_with_a_knife,
5363,5367,5,sep_cleared_arrest_robbery_other_weapon,
5368,5372,5,sep_cleared_arrest_strong_robbery,
5373,5377,5,sep_cleared_arrest_assault_total,
5378,5382,5,sep_cleared_arrest_assault_with_a_gun,
5383,5387,5,sep_cleared_arrest_assault_with_a_knife,
5388,5392,5,sep_cleared_arrest_assault_other_weapon,
5393,5397,5,sep_cleared_arrest_assault_with_bands_feet_etc,
5398,5402,5,sep_cleared_arrest_simple_assault,
5403,5407,5,sep_cleared_arrest_burglary_total,
5408,5412,5,sep_cleared_arrest_burglary_forcible_entry,
5413,5417,5,sep_cleared_arrest_burglary_no_forcible_entry,
5418,5422,5,sep_cleared_arrest_attempted_burglary,
5423,5427,5,sep_cleared_arrest_larceny_total,
5428,5432,5,sep_cleared_arrest_motor_vehicle_theft_total,
5433,5437,5,sep_cleared_arrest_auto_theft,
5438,5442,5,sep_cleared_arrest_truck_bus_theft,
5443,5447,5,sep_cleared_arrest_other_vehicle_theft,
5448,5452,5,sep_cleared_arrest_grand_total_all_fields,
5453,5457,5,sep_cleared_arrest_larceny_under_50_dollars,
5458,5462,5,sep_cleared_arrest_UNUSED,
5463,5467,5,sep_cleared_under_18_murder,
5468,5472,5,sep_cleared_under_18_manslaughter,
5473,5477,5,sep_cleared_under_18_rape_total,
5478,5482,5,sep_cleared_under_18_rape_by_force,
5483,5487,5,sep_cleared_under_18_attempted_rape,
5488,5492,5,sep_cleared_under_18_robbery_total,
5493,5497,5,sep_cleared_under_18_robbery_with_a_gun,
5498,5502,5,sep_cleared_under_18_robbery_with_a_knife,
5503,5507,5,sep_cleared_under_18_robbery_other_weapon,
5508,5512,5,sep_cleared_under_18_strong_robbery,
5513,5517,5,sep_cleared_under_18_assault_total,
5518,5522,5,sep_cleared_under_18_assault_with_a_gun,
5523,5527,5,sep_cleared_under_18_assault_with_a_knife,
5528,5532,5,sep_cleared_under_18_assault_other_weapon,
5533,5537,5,sep_cleared_under_18_assault_with_bands_feet_etc,
5538,5542,5,sep_cleared_under_18_simple_assault,
5543,5547,5,sep_cleared_under_18_burglary_total,
5548,5552,5,sep_cleared_under_18_burglary_forcible_entry,
5553,5557,5,sep_cleared_under_18_burglary_no_forcible_entry,
5558,5562,5,sep_cleared_under_18_attempted_burglary,
5563,5567,5,sep_cleared_under_18_larceny_total,
5568,5572,5,sep_cleared_under_18_motor_vehicle_theft_total,
5573,5577,5,sep_cleared_under_18_auto_theft,
5578,5582,5,sep_cleared_under_18_truck_bus_theft,
5583,5587,5,sep_cleared_under_18_other_vehicle_theft,
5588,5592,5,sep_cleared_under_18_grand_total_all_fields,
5593,5597,5,sep_cleared_under_18_larceny_under_50_dollars,
5598,5602,5,sep_cleared_under_18_UNUSED,
5603,5605,3,sep_officers_killed_felony,
5606,5608,3,sep_officers_killed_accident,
5609,5615,7,sep_officers_assaulted,
5616,5617,2,oct_info_month_included_in,
5618,5623,6,oct_info_last_update_date,
5624,5624,1,oct_info_card0_type,
5625,5625,1,oct_info_card1_type,
5626,5626,1,oct_info_card2_type,
5627,5627,1,oct_info_card3_type,
5628,5628,1,oct_info_card4_type,
5629,5629,1,oct_info_card0_pt,
5630,5630,1,oct_info_card1_pt,
5631,5631,1,oct_info_card2_pt,
5632,5632,1,oct_info_card3_pt,
5633,5637,5,oct_unfounded_murder,
5638,5642,5,oct_unfounded_manslaughter,
5643,5647,5,oct_unfounded_rape_total,
5648,5652,5,oct_unfounded_rape_by_force,
5653,5657,5,oct_unfounded_attempted_rape,
5658,5662,5,oct_unfounded_robbery_total,
5663,5667,5,oct_unfounded_robbery_with_a_gun,
5668,5672,5,oct_unfounded_robbery_with_a_knife,
5673,5677,5,oct_unfounded_robbery_other_weapon,
5678,5682,5,oct_unfounded_strong_robbery,
5683,5687,5,oct_unfounded_assault_total,
5688,5692,5,oct_unfounded_assault_with_a_gun,
5693,5697,5,oct_unfounded_assault_with_a_knife,
5698,5702,5,oct_unfounded_assault_other_weapon,
5703,5707,5,oct_unfounded_assault_with_bands_feet_etc,
5708,5712,5,oct_unfounded_simple_assault,
5713,5717,5,oct_unfounded_burglary_total,
5718,5722,5,oct_unfounded_burglary_forcible_entry,
5723,5727,5,oct_unfounded_burglary_no_forcible_entry,
5728,5732,5,oct_unfounded_attempted_burglary,
5733,5737,5,oct_unfounded_larceny_total,
5738,5742,5,oct_unfounded_motor_vehicle_theft_total,
5743,5747,5,oct_unfounded_auto_theft,
5748,5752,5,oct_unfounded_truck_bus_theft,
5753,5757,5,oct_unfounded_other_vehicle_theft,
5758,5762,5,oct_unfounded_grand_total_all_fields,
5763,5767,5,oct_unfounded_larceny_under_50_dollars,
5768,5772,5,oct_unfounded_UNUSED,
5773,5777,5,oct_actual_murder,
5778,5782,5,oct_actual_manslaughter,
5783,5787,5,oct_actual_rape_total,
5788,5792,5,oct_actual_rape_by_force,
5793,5797,5,oct_actual_attempted_rape,
5798,5802,5,oct_actual_robbery_total,
5803,5807,5,oct_actual_robbery_with_a_gun,
5808,5812,5,oct_actual_robbery_with_a_knife,
5813,5817,5,oct_actual_robbery_other_weapon,
5818,5822,5,oct_actual_strong_robbery,
5823,5827,5,oct_actual_assault_total,
5828,5832,5,oct_actual_assault_with_a_gun,
5833,5837,5,oct_actual_assault_with_a_knife,
5838,5842,5,oct_actual_assault_other_weapon,
5843,5847,5,oct_actual_assault_with_bands_feet_etc,
5848,5852,5,oct_actual_simple_assault,
5853,5857,5,oct_actual_burglary_total,
5858,5862,5,oct_actual_burglary_forcible_entry,
5863,5867,5,oct_actual_burglary_no_forcible_entry,
5868,5872,5,oct_actual_attempted_burglary,
5873,5877,5,oct_actual_larceny_total,
5878,5882,5,oct_actual_motor_vehicle_theft_total,
5883,5887,5,oct_actual_auto_theft,
5888,5892,5,oct_actual_truck_bus_theft,
5893,5897,5,oct_actual_other_vehicle_theft,
5898,5902,5,oct_actual_grand_total_all_fields,
5903,5907,5,oct_actual_larceny_under_50_dollars,
5908,5912,5,oct_actual_UNUSED,
5913,5917,5,oct_cleared_arrest_murder,
5918,5922,5,oct_cleared_arrest_manslaughter,
5923,5927,5,oct_cleared_arrest_rape_total,
5928,5932,5,oct_cleared_arrest_rape_by_force,
5933,5937,5,oct_cleared_arrest_attempted_rape,
5938,5942,5,oct_cleared_arrest_robbery_total,
5943,5947,5,oct_cleared_arrest_robbery_with_a_gun,
5948,5952,5,oct_cleared_arrest_robbery_with_a_knife,
5953,5957,5,oct_cleared_arrest_robbery_other_weapon,
5958,5962,5,oct_cleared_arrest_strong_robbery,
5963,5967,5,oct_cleared_arrest_assault_total,
5968,5972,5,oct_cleared_arrest_assault_with_a_gun,
5973,5977,5,oct_cleared_arrest_assault_with_a_knife,
5978,5982,5,oct_cleared_arrest_assault_other_weapon,
5983,5987,5,oct_cleared_arrest_assault_with_bands_feet_etc,
5988,5992,5,oct_cleared_arrest_simple_assault,
5993,5997,5,oct_cleared_arrest_burglary_total,
5998,6002,5,oct_cleared_arrest_burglary_forcible_entry,
6003,6007,5,oct_cleared_arrest_burglary_no_forcible_entry,
6008,6012,5,oct_cleared_arrest_attempted_burglary,
6013,6017,5,oct_cleared_arrest_larceny_total,
6018,6022,5,oct_cleared_arrest_motor_vehicle_theft_total,
6023,6027,5,oct_cleared_arrest_auto_theft,
6028,6032,5,oct_cleared_arrest_truck_bus_theft,
6033,6037,5,oct_cleared_arrest_other_vehicle_theft,
6038,6042,5,oct_cleared_arrest_grand_total_all_fields,
6043,6047,5,oct_cleared_arrest_larceny_under_50_dollars,
6048,6052,5,oct_cleared_arrest_UNUSED,
6053,6057,5,oct_cleared_under_18_murder,
6058,6062,5,oct_cleared_under_18_manslaughter,
6063,6067,5,oct_cleared_under_18_rape_total,
6068,6072,5,oct_cleared_under_18_rape_by_force,
6073,6077,5,oct_cleared_under_18_attempted_rape,
6078,6082,5,oct_cleared_under_18_robbery_total,
6083,6087,5,oct_cleared_under_18_robbery_with_a_gun,
6088,6092,5,oct_cleared_under_18_robbery_with_a_knife,
6093,6097,5,oct_cleared_under_18_robbery_other_weapon,
6098,6102,5,oct_cleared_under_18_strong_robbery,
6103,6107,5,oct_cleared_under_18_assault_total,
6108,6112,5,oct_cleared_under_18_assault_with_a_gun,
6113,6117,5,oct_cleared_under_18_assault_with_a_knife,
6118,6122,5,oct_cleared_under_18_assault_other_weapon,
6123,6127,5,oct_cleared_under_18_assault_with_bands_feet_etc,
6128,6132,5,oct_cleared_under_18_simple_assault,
6133,6137,5,oct_cleared_under_18_burglary_total,
6138,6142,5,oct_cleared_under_18_burglary_forcible_entry,
6143,6147,5,oct_cleared_under_18_burglary_no_forcible_entry,
6148,6152,5,oct_cleared_under_18_attempted_burglary,
6153,6157,5,oct_cleared_under_18_larceny_total,
6158,6162,5,oct_cleared_under_18_motor_vehicle_theft_total,
6163,6167,5,oct_cleared_under_18_auto_theft,
6168,6172,5,oct_cleared_under_18_truck_bus_theft,
6173,6177,5,oct_cleared_under_18_other_vehicle_theft,
6178,6182,5,oct_cleared_under_18_grand_total_all_fields,
6183,6187,5,oct_cleared_under_18_larceny_under_50_dollars,
6188,6192,5,oct_cleared_under_18_UNUSED,
6193,6195,3,oct_officers_killed_felony,
6196,6198,3,oct_officers_killed_accident,
6199,6205,7,oct_officers_assaulted,
6206,6207,2,nov_info_month_included_in,
6208,6213,6,nov_info_last_update_date,
6214,6214,1,nov_info_card0_type,
6215,6215,1,nov_info_card1_type,
6216,6216,1,nov_info_card2_type,
6217,6217,1,nov_info_card3_type,
6218,6218,1,nov_info_card4_type,
6219,6219,1,nov_info_card0_pt,
6220,6220,1,nov_info_card1_pt,
6221,6221,1,nov_info_card2_pt,
6222,6222,1,nov_info_card3_pt,
6223,6227,5,nov_unfounded_murder,
6228,6232,5,nov_unfounded_manslaughter,
6233,6237,5,nov_unfounded_rape_total,
6238,6242,5,nov_unfounded_rape_by_force,
6243,6247,5,nov_unfounded_attempted_rape,
6248,6252,5,nov_unfounded_robbery_total,
6253,6257,5,nov_unfounded_robbery_with_a_gun,
6258,6262,5,nov_unfounded_robbery_with_a_knife,
6263,6267,5,nov_unfounded_robbery_other_weapon,
6268,6272,5,nov_unfounded_strong_robbery,
6273,6277,5,nov_unfounded_assault_total,
6278,6282,5,nov_unfounded_assault_with_a_gun,
6283,6287,5,nov_unfounded_assault_with_a_knife,
6288,6292,5,nov_unfounded_assault_other_weapon,
6293,6297,5,nov_unfounded_assault_with_bands_feet_etc,
6298,6302,5,nov_unfounded_simple_assault,
6303,6307,5,nov_unfounded_burglary_total,
6308,6312,5,nov_unfounded_burglary_forcible_entry,
6313,6317,5,nov_unfounded_burglary_no_forcible_entry,
6318,6322,5,nov_unfounded_attempted_burglary,
6323,6327,5,nov_unfounded_larceny_total,
6328,6332,5,nov_unfounded_motor_vehicle_theft_total,
6333,6337,5,nov_unfounded_auto_theft,
6338,6342,5,nov_unfounded_truck_bus_theft,
6343,6347,5,nov_unfounded_other_vehicle_theft,
6348,6352,5,nov_unfounded_grand_total_all_fields,
6353,6357,5,nov_unfounded_larceny_under_50_dollars,
6358,6362,5,nov_unfounded_UNUSED,
6363,6367,5,nov_actual_murder,
6368,6372,5,nov_actual_manslaughter,
6373,6377,5,nov_actual_rape_total,
6378,6382,5,nov_actual_rape_by_force,
6383,6387,5,nov_actual_attempted_rape,
6388,6392,5,nov_actual_robbery_total,
6393,6397,5,nov_actual_robbery_with_a_gun,
6398,6402,5,nov_actual_robbery_with_a_knife,
6403,6407,5,nov_actual_robbery_other_weapon,
6408,6412,5,nov_actual_strong_robbery,
6413,6417,5,nov_actual_assault_total,
6418,6422,5,nov_actual_assault_with_a_gun,
6423,6427,5,nov_actual_assault_with_a_knife,
6428,6432,5,nov_actual_assault_other_weapon,
6433,6437,5,nov_actual_assault_with_bands_feet_etc,
6438,6442,5,nov_actual_simple_assault,
6443,6447,5,nov_actual_burglary_total,
6448,6452,5,nov_actual_burglary_forcible_entry,
6453,6457,5,nov_actual_burglary_no_forcible_entry,
6458,6462,5,nov_actual_attempted_burglary,
6463,6467,5,nov_actual_larceny_total,
6468,6472,5,nov_actual_motor_vehicle_theft_total,
6473,6477,5,nov_actual_auto_theft,
6478,6482,5,nov_actual_truck_bus_theft,
6483,6487,5,nov_actual_other_vehicle_theft,
6488,6492,5,nov_actual_grand_total_all_fields,
6493,6497,5,nov_actual_larceny_under_50_dollars,
6498,6502,5,nov_actual_UNUSED,
6503,6507,5,nov_cleared_arrest_murder,
6508,6512,5,nov_cleared_arrest_manslaughter,
6513,6517,5,nov_cleared_arrest_rape_total,
6518,6522,5,nov_cleared_arrest_rape_by_force,
6523,6527,5,nov_cleared_arrest_attempted_rape,
6528,6532,5,nov_cleared_arrest_robbery_total,
6533,6537,5,nov_cleared_arrest_robbery_with_a_gun,
6538,6542,5,nov_cleared_arrest_robbery_with_a_knife,
6543,6547,5,nov_cleared_arrest_robbery_other_weapon,
6548,6552,5,nov_cleared_arrest_strong_robbery,
6553,6557,5,nov_cleared_arrest_assault_total,
6558,6562,5,nov_cleared_arrest_assault_with_a_gun,
6563,6567,5,nov_cleared_arrest_assault_with_a_knife,
6568,6572,5,nov_cleared_arrest_assault_other_weapon,
6573,6577,5,nov_cleared_arrest_assault_with_bands_feet_etc,
6578,6582,5,nov_cleared_arrest_simple_assault,
6583,6587,5,nov_cleared_arrest_burglary_total,
6588,6592,5,nov_cleared_arrest_burglary_forcible_entry,
6593,6597,5,nov_cleared_arrest_burglary_no_forcible_entry,
6598,6602,5,nov_cleared_arrest_attempted_burglary,
6603,6607,5,nov_cleared_arrest_larceny_total,
6608,6612,5,nov_cleared_arrest_motor_vehicle_theft_total,
6613,6617,5,nov_cleared_arrest_auto_theft,
6618,6622,5,nov_cleared_arrest_truck_bus_theft,
6623,6627,5,nov_cleared_arrest_other_vehicle_theft,
6628,6632,5,nov_cleared_arrest_grand_total_all_fields,
6633,6637,5,nov_cleared_arrest_larceny_under_50_dollars,
6638,6642,5,nov_cleared_arrest_UNUSED,
6643,6647,5,nov_cleared_under_18_murder,
6648,6652,5,nov_cleared_under_18_manslaughter,
6653,6657,5,nov_cleared_under_18_rape_total,
6658,6662,5,nov_cleared_under_18_rape_by_force,
6663,6667,5,nov_cleared_under_18_attempted_rape,
6668,6672,5,nov_cleared_under_18_robbery_total,
6673,6677,5,nov_cleared_under_18_robbery_with_a_gun,
6678,6682,5,nov_cleared_under_18_robbery_with_a_knife,
6683,6687,5,nov_cleared_under_18_robbery_other_weapon,
6688,6692,5,nov_cleared_under_18_strong_robbery,
6693,6697,5,nov_cleared_under_18_assault_total,
6698,6702,5,nov_cleared_under_18_assault_with_a_gun,
6703,6707,5,nov_cleared_under_18_assault_with_a_knife,
6708,6712,5,nov_cleared_under_18_assault_other_weapon,
6713,6717,5,nov_cleared_under_18_assault_with_bands_feet_etc,
6718,6722,5,nov_cleared_under_18_simple_assault,
6723,6727,5,nov_cleared_under_18_burglary_total,
6728,6732,5,nov_cleared_under_18_burglary_forcible_entry,
6733,6737,5,nov_cleared_under_18_burglary_no_forcible_entry,
6738,6742,5,nov_cleared_under_18_attempted_burglary,
6743,6747,5,nov_cleared_under_18_larceny_total,
6748,6752,5,nov_cleared_under_18_motor_vehicle_theft_total,
6753,6757,5,nov_cleared_under_18_auto_theft,
6758,6762,5,nov_cleared_under_18_truck_bus_theft,
6763,6767,5,nov_cleared_under_18_other_vehicle_theft,
6768,6772,5,nov_cleared_under_18_grand_total_all_fields,
6773,6777,5,nov_cleared_under_18_larceny_under_50_dollars,
6778,6782,5,nov_cleared_under_18_UNUSED,
6783,6785,3,nov_officers_killed_felony,
6786,6788,3,nov_officers_killed_accident,
6789,6795,7,nov_officers_assaulted,
6796,6797,2,dec_info_month_included_in,
6798,6803,6,dec_info_last_update_date,
6804,6804,1,dec_info_card0_type,
6805,6805,1,dec_info_card1_type,
6806,6806,1,dec_info_card2_type,
6807,6807,1,dec_info_card3_type,
6808,6808,1,dec_info_card4_type,
6809,6809,1,dec_info_card0_pt,
6810,6810,1,dec_info_card1_pt,
6811,6811,1,dec_info_card2_pt,
6812,6812,1,dec_info_card3_pt,
6813,6817,5,dec_unfounded_murder,
6818,6822,5,dec_unfounded_manslaughter,
6823,6827,5,dec_unfounded_rape_total,
6828,6832,5,dec_unfounded_rape_by_force,
6833,6837,5,dec_unfounded_attempted_rape,
6838,6842,5,dec_unfounded_robbery_total,
6843,6847,5,dec_unfounded_robbery_with_a_gun,
6848,6852,5,dec_unfounded_robbery_with_a_knife,
6853,6857,5,dec_unfounded_robbery_other_weapon,
6858,6862,5,dec_unfounded_strong_robbery,
6863,6867,5,dec_unfounded_assault_total,
6868,6872,5,dec_unfounded_assault_with_a_gun,
6873,6877,5,dec_unfounded_assault_with_a_knife,
6878,6882,5,dec_unfounded_assault_other_weapon,
6883,6887,5,dec_unfounded_assault_with_bands_feet_etc,
6888,6892,5,dec_unfounded_simple_assault,
6893,6897,5,dec_unfounded_burglary_total,
6898,6902,5,dec_unfounded_burglary_forcible_entry,
6903,6907,5,dec_unfounded_burglary_no_forcible_entry,
6908,6912,5,dec_unfounded_attempted_burglary,
6913,6917,5,dec_unfounded_larceny_total,
6918,6922,5,dec_unfounded_motor_vehicle_theft_total,
6923,6927,5,dec_unfounded_auto_theft,
6928,6932,5,dec_unfounded_truck_bus_theft,
6933,6937,5,dec_unfounded_other_vehicle_theft,
6938,6942,5,dec_unfounded_grand_total_all_fields,
6943,6947,5,dec_unfounded_larceny_under_50_dollars,
6948,6952,5,dec_unfounded_UNUSED,
6953,6957,5,dec_actual_murder,
6958,6962,5,dec_actual_manslaughter,
6963,6967,5,dec_actual_rape_total,
6968,6972,5,dec_actual_rape_by_force,
6973,6977,5,dec_actual_attempted_rape,
6978,6982,5,dec_actual_robbery_total,
6983,6987,5,dec_actual_robbery_with_a_gun,
6988,6992,5,dec_actual_robbery_with_a_knife,
6993,6997,5,dec_actual_robbery_other_weapon,
6998,7002,5,dec_actual_strong_robbery,
7003,7007,5,dec_actual_assault_total,
7008,7012,5,dec_actual_assault_with_a_gun,
7013,7017,5,dec_actual_assault_with_a_knife,
7018,7022,5,dec_actual_assault_other_weapon,
7023,7027,5,dec_actual_assault_with_bands_feet_etc,
7028,7032,5,dec_actual_simple_assault,
7033,7037,5,dec_actual_burglary_total,
7038,7042,5,dec_actual_burglary_forcible_entry,
7043,7047,5,dec_actual_burglary_no_forcible_entry,
7048,7052,5,dec_actual_attempted_burglary,
7053,7057,5,dec_actual_larceny_total,
7058,7062,5,dec_actual_motor_vehicle_theft_total,
7063,7067,5,dec_actual_auto_theft,
7068,7072,5,dec_actual_truck_bus_theft,
7073,7077,5,dec_actual_other_vehicle_theft,
7078,7082,5,dec_actual_grand_total_all_fields,
7083,7087,5,dec_actual_larceny_under_50_dollars,
7088,7092,5,dec_actual_UNUSED,
7093,7097,5,dec_cleared_arrest_murder,
7098,7102,5,dec_cleared_arrest_manslaughter,
7103,7107,5,dec_cleared_arrest_rape_total,
7108,7112,5,dec_cleared_arrest_rape_by_force,
7113,7117,5,dec_cleared_arrest_attempted_rape,
7118,7122,5,dec_cleared_arrest_robbery_total,
7123,7127,5,dec_cleared_arrest_robbery_with_a_gun,
7128,7132,5,dec_cleared_arrest_robbery_with_a_knife,
7133,7137,5,dec_cleared_arrest_robbery_other_weapon,
7138,7142,5,dec_cleared_arrest_strong_robbery,
7143,7147,5,dec_cleared_arrest_assault_total,
7148,7152,5,dec_cleared_arrest_assault_with_a_gun,
7153,7157,5,dec_cleared_arrest_assault_with_a_knife,
7158,7162,5,dec_cleared_arrest_assault_other_weapon,
7163,7167,5,dec_cleared_arrest_assault_with_bands_feet_etc,
7168,7172,5,dec_cleared_arrest_simple_assault,
7173,7177,5,dec_cleared_arrest_burglary_total,
7178,7182,5,dec_cleared_arrest_burglary_forcible_entry,
7183,7187,5,dec_cleared_arrest_burglary_no_forcible_entry,
7188,7192,5,dec_cleared_arrest_attempted_burglary,
7193,7197,5,dec_cleared_arrest_larceny_total,
7198,7202,5,dec_cleared_arrest_motor_vehicle_theft_total,
7203,7207,5,dec_cleared_arrest_auto_theft,
7208,7212,5,dec_cleared_arrest_truck_bus_theft,
7213,7217,5,dec_cleared_arrest_other_vehicle_theft,
7218,7222,5,dec_cleared_arrest_grand_total_all_fields,
7223,7227,5,dec_cleared_arrest_larceny_under_50_dollars,
7228,7232,5,dec_cleared_arrest_UNUSED,
7233,7237,5,dec_cleared_under_18_murder,
7238,7242,5,dec_cleared_under_18_manslaughter,
7243,7247,5,dec_cleared_under_18_rape_total,
7248,7252,5,dec_cleared_under_18_rape_by_force,
7253,7257,5,dec_cleared_under_18_attempted_rape,
7258,7262,5,dec_cleared_under_18_robbery_total,
7263,7267,5,dec_cleared_under_18_robbery_with_a_gun,
7268,7272,5,dec_cleared_under_18_robbery_with_a_knife,
7273,7277,5,dec_cleared_under_18_robbery_other_weapon,
7278,7282,5,dec_cleared_under_18_strong_robbery,
7283,7287,5,dec_cleared_under_18_assault_total,
7288,7292,5,dec_cleared_under_18_assault_with_a_gun,
7293,7297,5,dec_cleared_under_18_assault_with_a_knife,
7298,7302,5,dec_cleared_under_18_assault_other_weapon,
7303,7307,5,dec_cleared_under_18_assault_with_bands_feet_etc,
7308,7312,5,dec_cleared_under_18_simple_assault,
7313,7317,5,dec_cleared_under_18_burglary_total,
7318,7322,5,dec_cleared_under_18_burglary_forcible_entry,
7323,7327,5,dec_cleared_under_18_burglary_no_forcible_entry,
7328,7332,5,dec_cleared_under_18_attempted_burglary,
7333,7337,5,dec_cleared_under_18_larceny_total,
7338,7342,5,dec_cleared_under_18_motor_vehicle_theft_total,
7343,7347,5,dec_cleared_under_18_auto_theft,
7348,7352,5,dec_cleared_under_18_truck_bus_theft,
7353,7357,5,dec_cleared_under_18_other_vehicle_theft,
7358,7362,5,dec_cleared_under_18_grand_total_all_fields,
7363,7367,5,dec_cleared_under_18_larceny_under_50_dollars,
7368,7372,5,dec_cleared_under_18_UNUSED,
7373,7375,3,dec_officers_killed_felony,
7376,7378,3,dec_officers_killed_accident,
7379,7385,7,dec_officers_assaulted,
